{"troopPosition":{"x":474.9325866699219,"y":3.2959728240966799,"z":469.53192138671877},"troopHealth":3.0,"troopName":"Layla","troopState":""}